AAA,0.0383,111045010
AAC,0.0145,42167266
AAG,0.0199,57718319
AAT,0.0250,72562004
ACA,0.0201,58357588
ACC,0.0116,33623259
ACG,0.0025,7313665
ACT,0.0161,46582482
AGA,0.0221,64043183
AGC,0.0139,40419238
AGG,0.0177,51347379
AGT,0.0161,46665255
ATA,0.0206,59712068
ATC,0.0134,38778190
ATG,0.0185,53571443
ATT,0.0250,72568860
CAA,0.0189,54831158
CAC,0.0150,43575751
CAG,0.0202,58621218
CAT,0.0184,53499536
CCA,0.0185,53606755
CCC,0.0131,38028841
CCG,0.0028,8043534
CCT,0.0177,51391511
CGA,0.0022,6504440
CGC,0.0024,6909980
CGG,0.0028,8047732
CGT,0.0025,7324733
CTA,0.0129,37284686
CTC,0.0168,48770911
CTG,0.0202,58656558
CTT,0.0199,57808437
GAA,0.0199,57607131
GAC,0.0094,27330597
GAG,0.0168,48797599
GAT,0.0134,38806304
GCA,0.0144,41721942
GCC,0.0119,34415199
GCG,0.0024,6916985
GCT,0.0139,40417141
GGA,0.0156,45129267
GGC,0.0119,34390507
GGG,0.0131,38058980
GGT,0.0116,33660825
GTA,0.0113,32824228
GTC,0.0094,27362316
GTG,0.0151,43694286
GTT,0.0146,42323607
TAA,0.0207,60009333
TAC,0.0113,32803496
TAG,0.0129,37337978
TAT,0.0206,59762664
TCA,0.0196,56841353
TCC,0.0155,45003393
TCG,0.0022,6512695
TCT,0.0221,64129451
TGA,0.0196,56864405
TGC,0.0144,41751561
TGG,0.0185,53785382
TGT,0.0202,58553526
TTA,0.0207,60092467
TTC,0.0199,57575765
TTG,0.0190,55032646
TTT,0.0384,111431130
